Customer_ID,Feedback_Date,Rating,Comments
613c57d4-2dd6-4cf2-94ae-5eeab7344894,2023-08-22,1,Admit two control always.
629ac79f-c62d-4b79-a2e6-c16564ee78bd,2021-01-03,4,Might keep voice defense speak.
f38452bd-63bc-461c-86ea-2e10ca958e34,2023-02-25,4,Within special tell would third world democratic.
60b2fe1b-2e0c-46df-9200-8463b78c5c60,2023-09-17,4,Participant material morning high person her.
7f0ff26b-987e-44f6-9aca-dd0dd54d2587,2022-05-02,1,Visit mission bag laugh four off staff say.
a5c8c3b2-daf6-44b6-8309-8810cfd7d9db,2020-08-26,2,Serve action thus over knowledge amount evening.
cf729665-a0f4-4d94-8155-be6e6db0c2bc,2021-02-08,4,Environmental brother letter democratic.
f75e44e0-8b96-4e9a-a316-8c447adaa971,2023-05-11,1,Rule subject clearly manage heavy enter go.
f5121b5a-d002-4c6e-ae83-dd2fe2971a6a,2023-06-01,5,Agency lawyer available former wind theory.
78e61dd8-57c0-4e65-95d1-22804aaf278f,2021-08-11,1,Late career power.
1bcf2801-6f9d-48b7-86cc-df51ff41f66e,2020-05-08,4,Director eat difference commercial east treat policy middle.
25c86ce3-52da-433c-afb4-4daea3cfb951,2023-07-09,3,Me black management economic thought force.
712bad97-f118-4b4c-b7b8-9b427c56ae0f,2023-11-03,5,Follow professional must put partner why nature.
523d58ec-9650-46f1-be4b-0ed355d31030,2023-06-11,4,Less simply summer.
26569a69-fd35-45a7-999f-5f3a0751f551,2024-02-24,2,Car produce degree member.
80257ec3-b617-4bd7-b857-d6e10ee18dee,2021-07-13,2,Garden oil daughter face.
0bd6b373-6175-4930-9bdf-57d15206388f,2021-07-06,1,Store win consider.
c9787528-4030-4fdc-88e0-f01fc0b906b9,2022-09-28,4,Though area decision offer study.
911d1218-aec1-49d2-b997-61d20bf26025,2024-07-17,1,Push add recently management let.
b5dcb2f3-a539-4a98-804c-d01b0f96e423,2024-09-01,2,Into finish traditional effort.
ed3d8f2d-e9b5-495c-bccd-af8b290a3f3c,2024-12-29,4,Trial who expert far.
f5ce7895-4c41-425b-9c56-5b3e6932d65d,2023-07-29,1,Resource bring Mr until.
41651e71-7f3b-484c-bd7a-b8f865626246,2021-03-06,2,Trial across theory manage could.
80de68a2-9da6-4179-8815-0c4404c0b322,2024-03-31,5,Her down source control expert growth.
498d9286-87f1-475e-95a9-53966c260afb,2021-10-06,1,Apply his claim radio page.
902ec607-6fca-459a-aa8e-ecd4bfd2f732,2021-06-08,2,Painting we table prevent glass reveal station start.
fdc75d7f-ee6e-4e33-843a-a7f03a37ac45,2021-02-11,2,Message information direction then interest customer.
0fce18a6-a4f6-46e1-9c98-e49f5a6c5c82,2020-11-17,5,Card shoulder science good expect million.
0e14f408-4833-4f47-beed-a800d53d637a,2022-08-08,2,Keep none property so almost.
5fcfbc6d-34d3-4896-a4af-467d8484ec0b,2024-04-09,3,Health detail personal level far.
2210464d-35ba-4fd4-95a0-4a785223c373,2025-02-05,5,Traditional hand exactly second parent heart media interview.
1a0fb0fd-510e-483a-be7e-ec2765f459d5,2024-12-12,3,Film economy sister what thousand explain.
200b202c-fe96-421b-812c-8d96aff30c7e,2024-01-13,3,Open need everybody hour attorney role then.
11a63536-a134-44e6-9b2a-0294634f5a18,2022-04-10,5,Must responsibility lot time choice what.
109a6915-6c71-4be7-8444-f66611da107a,2024-05-25,5,Close support where tend think yard.
02d228b6-91ea-49f6-bb29-89263acc547f,2022-11-17,2,Thought look name bar black sign.
5cd9ee15-665e-44fc-b8f7-01a2d28290b9,2020-05-27,4,Enjoy student they receive sometimes trade fall.
959925ac-d2bb-45cd-bd94-9fe1d163aced,2021-02-07,1,Theory agreement fact authority prevent health interesting.
f46bd2ce-ec90-4812-ac62-ce9ac7c22323,2020-07-26,5,Door into why impact could yet herself.
c6a46d63-d2dc-46a0-a1cb-6c228c4495d4,2022-11-01,5,Treat per race various term.
2e3b6951-b43a-4f2f-aa42-6e0b945fd1de,2023-12-19,2,Another low nor culture design whose.
108eb47d-55a1-4172-91b1-6910fa832706,2023-12-06,5,Push land above determine large cell.
83cdac4a-4bd7-481d-8c3a-72f808275e02,2022-01-13,1,If keep from information debate financial.
1deac66c-1062-4710-b72b-a8b5bd2fffd7,2024-04-22,1,What marriage stand mouth budget seven part.
72f5d38c-7329-4571-810d-5a6690e6f658,2020-12-18,1,Whom address rate their writer enter between.
65654038-0291-49dc-922a-6d966ab67761,2023-06-21,5,Than image book hear.
ff354794-c8af-4bce-b34f-8d3f4bdd6870,2023-08-17,4,Fall goal floor either treat attack.
2959aadc-f694-4855-9b41-f4b512456245,2022-07-02,5,Face return that standard argue.
79c49d42-f80e-4241-bc6c-d0fab2e08d21,2022-05-26,1,Dinner shoulder might watch grow quite wonder.
54e8cfe2-c4b3-45aa-bc09-d2edabb9f8f5,2020-04-23,4,Above now top can.
db7d6a04-b1bd-4a7e-a7c7-3ccdb1c9f096,2022-11-17,2,Charge blue board education.
e6c94ccb-4e06-4b7a-a0dc-7a730a589c9e,2022-11-18,1,Firm war guy executive drug record.
4c7d74d0-fe23-4ed5-847b-64444646218a,2020-04-08,1,Since sense like foot office foreign investment.
330e70d0-2c99-4f22-bd90-ecbbbd1f57d9,2022-11-09,1,Notice girl help study.
d2231858-7e64-4516-9e7a-3e81d5197d5a,2023-08-07,4,Medical measure long network security.
6e962360-2ccc-4f68-8e69-0077bb994b02,2020-06-30,1,Hot real I pretty.
cec0e2d0-2317-47e3-ab2d-2ece1c4582df,2025-02-03,4,Fund lay give someone style.
85ae04e6-1035-4c1f-8e00-ed36788e47af,2020-10-15,5,Garden behavior including.
d3ef264f-c05c-4b1c-a485-f0f9c6d64a92,2020-03-20,1,Hope small second let.
021c3f4c-5120-4335-a657-6ea24d620a7a,2022-09-23,4,Wear account job worry beautiful.
9bd13b07-e183-4953-842b-163b9fbdea71,2020-05-05,5,Him address seat process tax.
aa6aee04-a977-4baf-862a-fdd337d8bf9f,2020-04-11,5,Short look very.
f54ff1c8-7d59-4ab3-9093-1c53ee7ed472,2024-08-16,4,Film smile mention move push wear.
69f2475c-b462-48a5-89da-0d37658d7378,2022-01-31,4,For watch agreement she.
da9833fa-48be-4cca-9610-ad79fdf5f8fe,2023-11-29,4,Impact everyone various blood report quickly clearly.
56d3c3e3-a7cb-4052-9308-e3e2514cfb65,2022-05-19,3,Test him view two type particular.
0f7dff75-91c9-40f1-9f83-eb31176a48f8,2020-11-29,1,Near seat western those environmental machine.
c720a45e-2d33-41fd-8cde-38915709210c,2024-12-25,1,Recently mouth concern citizen specific.
6cd5c37e-4c62-40a1-8f03-22629d793fb7,2020-09-18,2,In may reach quite.
62332259-78fa-476d-a00c-da1fe2ed4d6c,2021-04-08,4,Some skin work room fast.
